,Date,Open,High,Low,Close*,Adj Close**,Volume,Date2
0,"Oct 17, 2022",234.41,279.30,234.40,268.16,268.16,110726900,2022-10-17
1,"Oct 10, 2022",225.64,238.80,211.73,230.00,230.00,71006800,2022-10-10
2,"Oct 03, 2022",237.85,245.80,224.28,224.75,224.75,52382600,2022-10-03
3,"Sep 26, 2022",225.60,246.98,220.72,235.44,235.44,64412800,2022-09-26
4,"Sep 19, 2022",245.05,250.49,221.43,226.41,226.41,64332400,2022-09-19
5,"Sep 12, 2022",233.61,242.29,215.80,240.13,240.13,60603500,2022-09-12
6,"Sep 05, 2022",225.59,234.78,214.69,233.57,233.57,29055300,2022-09-05
7,"Aug 29, 2022",221.93,233.88,218.74,226.11,226.11,36914200,2022-08-29
8,"Aug 22, 2022",232.55,236.95,223.15,223.28,223.28,28450000,2022-08-22
9,"Aug 15, 2022",248.11,251.99,235.68,241.16,241.16,30076500,2022-08-15
10,"Aug 08, 2022",227.49,251.62,224.65,249.30,249.30,41296700,2022-08-08
11,"Aug 01, 2022",223.10,232.07,220.88,226.78,226.78,30969400,2022-08-01
12,"Jul 25, 2022",221.31,230.75,211.64,224.90,224.90,48989700,2022-07-25
13,"Jul 18, 2022",192.50,229.35,188.40,220.44,220.44,139657400,2022-07-18
14,"Jul 11, 2022",184.73,189.22,169.70,189.11,189.11,50977100,2022-07-11
15,"Jul 04, 2022",176.28,190.21,172.68,186.98,186.98,25257900,2022-07-04
16,"Jun 27, 2022",191.77,192.20,170.30,179.95,179.95,34412400,2022-06-27
17,"Jun 20, 2022",177.60,191.19,169.80,190.85,190.85,46132200,2022-06-20
18,"Jun 13, 2022",177.07,183.85,164.28,175.51,175.51,54508400,2022-06-13
19,"Jun 06, 2022",202.09,207.38,180.85,182.94,182.94,37470200,2022-06-06
20,"May 30, 2022",196.18,205.47,190.80,198.98,198.98,36629600,2022-05-30
21,"May 23, 2022",186.15,195.25,177.17,195.19,195.19,42466400,2022-05-23
22,"May 16, 2022",193.30,195.89,175.71,186.35,186.35,56565200,2022-05-16
23,"May 09, 2022",177.66,187.77,162.71,187.64,187.64,71379100,2022-05-09
24,"May 02, 2022",191.71,204.38,175.81,180.97,180.97,69806600,2022-05-02
25,"Apr 25, 2022",213.81,216.66,185.60,190.36,190.36,108523600,2022-04-25
26,"Apr 18, 2022",340.00,351.68,210.05,215.52,215.52,250416100,2022-04-18
27,"Apr 11, 2022",350.00,359.41,339.86,341.13,341.13,15176200,2022-04-11
28,"Apr 04, 2022",373.55,396.02,353.69,355.88,355.88,24565300,2022-04-04
29,"Mar 28, 2022",375.23,396.50,366.73,373.47,373.47,23006300,2022-03-28
30,"Mar 21, 2022",378.02,386.66,366.43,373.85,373.85,20301300,2022-03-21
31,"Mar 14, 2022",338.72,381.80,329.82,380.60,380.60,32494000,2022-03-14
32,"Mar 07, 2022",360.41,367.02,340.00,340.32,340.32,28285000,2022-03-07
33,"Feb 28, 2022",387.33,397.75,357.17,361.73,361.73,25084500,2022-02-28
34,"Feb 21, 2022",388.95,392.42,354.72,390.80,390.80,23222100,2022-02-21
35,"Feb 14, 2022",387.59,409.36,385.70,391.29,391.29,29343100,2022-02-14
36,"Feb 07, 2022",410.17,412.98,387.65,391.31,391.31,38801400,2022-02-07
37,"Jan 31, 2022",401.97,458.48,396.64,410.17,410.17,74656600,2022-01-31
38,"Jan 24, 2022",383.91,394.80,351.46,384.36,384.36,96467100,2022-01-24
39,"Jan 17, 2022",520.08,526.64,379.99,397.50,397.50,80755900,2022-01-17
40,"Jan 10, 2022",538.49,544.27,511.88,525.69,525.69,23687500,2022-01-10
41,"Jan 03, 2022",605.61,609.99,538.22,541.06,541.06,20704000,2022-01-03
42,"Dec 27, 2021",615.00,620.61,602.05,602.44,602.44,8852500,2021-12-27
43,"Dec 20, 2021",586.43,616.88,584.26,614.09,614.09,9634600,2021-12-20
44,"Dec 13, 2021",612.00,612.64,581.74,586.73,586.73,15898700,2021-12-13
45,"Dec 06, 2021",606.01,632.46,601.00,611.66,611.66,13546300,2021-12-06
46,"Nov 29, 2021",663.20,675.38,594.00,602.13,602.13,20181500,2021-11-29
47,"Nov 22, 2021",676.02,679.48,646.05,665.64,665.64,9824400,2021-11-22
48,"Nov 15, 2021",681.24,700.99,671.49,678.80,678.80,12309000,2021-11-15
49,"Nov 08, 2021",650.29,683.34,642.11,682.61,682.61,14775600,2021-11-08
50,"Nov 01, 2021",689.06,689.97,645.01,645.72,645.72,19482900,2021-11-01
51,"Oct 25, 2021",663.74,690.97,657.07,690.31,690.31,15699900,2021-10-25
52,"Oct 18, 2021",632.10,665.46,617.15,664.78,664.78,37547300,2021-10-18
53,"Oct 11, 2021",633.20,639.42,621.99,628.29,628.29,15298700,2021-10-11
54,"Oct 04, 2021",613.39,646.84,594.68,632.66,632.66,25939600,2021-10-04
55,"Sep 27, 2021",587.95,619.00,576.93,613.15,613.15,23860200,2021-09-27
56,"Sep 20, 2021",586.79,599.32,568.08,592.39,592.39,14657300,2021-09-20
57,"Sep 13, 2021",598.57,598.57,575.37,589.35,589.35,15252600,2021-09-13
58,"Sep 06, 2021",594.69,615.60,593.67,598.72,598.72,18150900,2021-09-06
59,"Aug 30, 2021",557.25,598.76,556.45,590.53,590.53,19354000,2021-08-30
60,"Aug 23, 2021",545.98,564.17,543.74,558.92,558.92,11625200,2021-08-23
61,"Aug 16, 2021",515.24,551.39,512.30,546.88,546.88,18198300,2021-08-16
62,"Aug 09, 2021",521.15,522.67,507.20,515.92,515.92,8865600,2021-08-09
63,"Aug 02, 2021",519.00,526.84,505.37,520.55,520.55,11191900,2021-08-02
64,"Jul 26, 2021",514.38,524.47,509.01,517.57,517.57,11677100,2021-07-26
65,"Jul 19, 2021",526.05,536.64,504.66,515.41,515.41,30871600,2021-07-19
66,"Jul 12, 2021",540.30,557.54,527.05,530.31,530.31,18347800,2021-07-12
67,"Jul 05, 2021",533.00,544.64,528.58,535.98,535.98,11543800,2021-07-05
68,"Jun 28, 2021",528.12,538.54,524.56,533.98,533.98,12689100,2021-06-28
69,"Jun 21, 2021",501.64,533.06,492.28,527.07,527.07,23691700,2021-06-21
70,"Jun 14, 2021",489.68,504.49,486.28,500.77,500.77,19433400,2021-06-14
71,"Jun 07, 2021",492.92,498.82,482.14,488.77,488.77,15727800,2021-06-07
72,"May 31, 2021",504.01,505.41,487.25,494.74,494.74,11799500,2021-05-31
73,"May 24, 2021",501.05,511.76,498.54,502.81,502.81,13741500,2021-05-24
74,"May 17, 2021",485.59,505.40,478.54,497.89,497.89,15449700,2021-05-17
75,"May 10, 2021",502.00,503.15,478.63,493.37,493.37,19249100,2021-05-10
76,"May 03, 2021",512.65,518.95,491.37,503.84,503.84,18487300,2021-05-03
77,"Apr 26, 2021",506.76,514.55,499.00,513.47,513.47,20884100,2021-04-26
78,"Apr 19, 2021",546.90,563.56,500.55,505.55,505.55,54812500,2021-04-19
79,"Apr 12, 2021",551.05,559.75,538.53,546.54,546.54,15752900,2021-04-12
80,"Apr 05, 2021",540.01,556.90,529.23,555.31,555.31,16185200,2021-04-05
81,"Mar 29, 2021",505.66,540.50,504.40,539.42,539.42,13189800,2021-03-29
82,"Mar 22, 2021",509.13,543.12,496.68,508.05,508.05,21440900,2021-03-22
83,"Mar 15, 2021",516.32,533.42,501.63,512.18,512.18,18021500,2021-03-15
84,"Mar 08, 2021",514.46,530.24,492.85,518.02,518.02,19919500,2021-03-08
85,"Mar 01, 2021",545.57,556.99,498.79,516.39,516.39,21550800,2021-03-01
86,"Feb 22, 2021",534.99,556.85,518.28,538.85,538.85,18468600,2021-02-22
87,"Feb 15, 2021",557.29,563.63,538.23,540.22,540.22,9991400,2021-02-15
88,"Feb 08, 2021",555.00,566.65,543.00,556.52,556.52,15414200,2021-02-08
89,"Feb 01, 2021",536.79,559.48,531.73,550.79,550.79,18028100,2021-02-01
90,"Jan 25, 2021",567.00,569.75,515.73,532.39,532.39,31195700,2021-01-25
91,"Jan 18, 2021",501.00,593.29,493.54,565.17,565.17,64306200,2021-01-18
92,"Jan 11, 2021",507.84,514.50,485.67,497.98,497.98,24901900,2021-01-11
93,"Jan 04, 2021",539.00,540.80,499.50,510.40,510.40,19584800,2021-01-04
94,"Dec 28, 2020",516.43,545.50,507.13,540.73,540.73,14182900,2020-12-28
95,"Dec 21, 2020",530.05,532.62,512.21,513.97,513.97,9337800,2020-12-21
96,"Dec 14, 2020",505.44,536.37,501.18,534.45,534.45,20543800,2020-12-14
97,"Dec 07, 2020",500.01,521.49,491.29,503.22,503.22,18926200,2020-12-07
98,"Nov 30, 2020",490.08,509.47,481.27,498.31,498.31,18104300,2020-11-30
99,"Nov 23, 2020",490.46,493.25,475.84,491.36,491.36,15371500,2020-11-23
101,"Nov 16, 2020",480.00,494.76,477.30,488.24,488.24,17789000,2020-11-16
102,"Nov 09, 2020",485.54,496.52,463.41,482.84,482.84,32252700,2020-11-09
103,"Nov 02, 2020",478.87,518.73,475.00,514.73,514.73,22844800,2020-11-02
104,"Oct 26, 2020",487.03,513.90,472.21,475.74,475.74,34734600,2020-10-26
105,"Oct 19, 2020",537.07,541.80,481.35,488.28,488.28,46946200,2020-10-19
106,"Oct 12, 2020",548.81,572.49,530.03,530.79,530.79,31953100,2020-10-12
107,"Oct 05, 2020",506.80,544.28,501.70,539.44,539.44,26443600,2020-10-05
108,"Sep 28, 2020",489.11,529.55,477.88,503.06,503.06,27174000,2020-09-28
109,"Sep 21, 2020",467.69,491.82,466.32,482.88,482.88,20162800,2020-09-21
110,"Sep 14, 2020",480.62,504.66,458.60,469.96,469.96,29188000,2020-09-14
111,"Sep 07, 2020",498.40,522.00,476.81,482.03,482.03,23696200,2020-09-07
112,"Aug 31, 2020",521.16,557.39,485.98,516.05,516.05,37742200,2020-08-31
113,"Aug 24, 2020",495.44,549.04,483.16,523.89,523.89,44344000,2020-08-24
114,"Aug 17, 2020",484.19,498.94,479.10,492.31,492.31,18139000,2020-08-17
115,"Aug 10, 2020",493.35,497.46,466.55,482.68,482.68,23412000,2020-08-10
116,"Aug 03, 2020",490.86,510.82,486.68,494.73,494.73,25425500,2020-08-03
117,"Jul 27, 2020",484.51,497.79,477.51,488.88,488.88,32986500,2020-07-27
118,"Jul 20, 2020",489.14,506.22,467.54,480.45,480.45,43476300,2020-07-20
119,"Jul 13, 2020",567.98,575.37,484.14,492.99,492.99,93039400,2020-07-13
120,"Jul 06, 2020",480.77,555.88,479.80,548.73,548.73,46646700,2020-07-06
121,"Jun 29, 2020",445.23,492.28,432.14,476.89,476.89,25099900,2020-06-29
122,"Jun 22, 2020",455.01,474.01,442.24,443.40,443.40,27985900,2020-06-22
123,"Jun 15, 2020",421.40,453.97,415.42,453.72,453.72,26717500,2020-06-15
124,"Jun 08, 2020",416.00,445.57,406.50,418.07,418.07,31469400,2020-06-08
125,"Jun 01, 2020",418.83,428.71,404.25,419.60,419.60,22064600,2020-06-01
126,"May 25, 2020",427.77,428.50,397.86,419.73,419.73,29237400,2020-05-25
127,"May 18, 2020",451.16,458.97,427.18,429.32,429.32,32730900,2020-05-18
128,"May 11, 2020",436.33,455.00,427.27,454.19,454.19,33350300,2020-05-11
129,"May 04, 2020",417.78,442.00,414.87,435.55,435.55,31437300,2020-05-04
130,"Apr 27, 2020",425.00,429.00,393.60,415.27,415.27,42325700,2020-04-27
131,"Apr 20, 2020",435.17,447.00,413.00,424.99,424.99,79529400,2020-04-20
132,"Apr 13, 2020",371.31,449.52,367.70,422.96,422.96,65580100,2020-04-13
133,"Apr 06, 2020",365.22,381.33,361.71,370.72,370.72,29850500,2020-04-06
134,"Mar 30, 2020",363.00,383.01,357.51,361.76,361.76,34114300,2020-03-30
135,"Mar 23, 2020",347.89,372.93,339.17,357.12,357.12,49033700,2020-03-23
136,"Mar 16, 2020",306.63,350.49,290.25,332.83,332.83,54637200,2020-03-16
137,"Mar 09, 2020",343.86,364.54,307.32,336.30,336.30,42575700,2020-03-09
138,"Mar 02, 2020",373.11,393.52,356.85,368.97,368.97,37744000,2020-03-02
139,"Feb 24, 2020",364.76,391.56,356.80,369.03,369.03,44488000,2020-02-24
140,"Feb 17, 2020",379.30,392.95,376.68,380.07,380.07,18079800,2020-02-17
141,"Feb 10, 2020",365.00,385.37,362.52,380.40,380.40,22913500,2020-02-10
142,"Feb 03, 2020",347.24,375.25,346.28,366.77,366.77,28574700,2020-02-03
143,"Jan 27, 2020",345.95,352.40,338.55,345.09,345.09,32732700,2020-01-27
144,"Jan 20, 2020",340.00,359.85,323.60,353.16,353.16,72220300,2020-01-20
145,"Jan 13, 2020",331.80,345.38,331.51,339.67,339.67,29729900,2020-01-13
146,"Jan 06, 2020",323.12,343.42,321.20,329.05,329.05,26898400,2020-01-06
147,"Dec 30, 2019",329.08,329.98,321.09,325.90,325.90,16317500,2019-12-30
148,"Dec 23, 2019",337.76,337.95,326.01,329.09,329.09,16410600,2019-12-23
149,"Dec 16, 2019",300.85,338.00,298.63,336.90,336.90,46030600,2019-12-16
150,"Dec 09, 2019",307.35,311.49,292.02,298.50,298.50,30460600,2019-12-09
151,"Dec 02, 2019",314.39,314.39,298.81,307.35,307.35,23797000,2019-12-02
152,"Nov 25, 2019",308.83,316.82,305.25,314.66,314.66,19703500,2019-11-25
153,"Nov 18, 2019",296.00,312.69,293.28,310.48,310.48,33104900,2019-11-18
154,"Nov 11, 2019",289.16,296.36,281.14,295.03,295.03,31738800,2019-11-11
155,"Nov 04, 2019",288.00,298.19,285.84,291.57,291.57,23504400,2019-11-04
156,"Oct 28, 2019",278.05,293.49,277.35,286.81,286.81,30634500,2019-10-28
157,"Oct 21, 2019",272.89,279.94,265.80,276.82,276.82,41110300,2019-10-21
158,"Oct 14, 2019",283.93,308.75,273.36,275.30,275.30,91063500,2019-10-14
159,"Oct 07, 2019",271.99,287.87,264.57,282.93,282.93,39191600,2019-10-07
160,"Sep 30, 2019",264.00,275.48,257.01,272.79,272.79,41878000,2019-09-30
161,"Sep 23, 2019",268.35,273.39,252.28,263.08,263.08,56472900,2019-09-23
162,"Sep 16, 2019",294.23,299.15,266.00,270.75,270.75,50189700,2019-09-16
163,"Sep 09, 2019",294.81,301.55,282.66,294.15,294.15,39552800,2019-09-09
164,"Sep 02, 2019",290.82,293.97,282.79,290.17,290.17,22468700,2019-09-02
165,"Aug 26, 2019",295.24,299.93,287.20,293.75,293.75,23795700,2019-08-26
166,"Aug 19, 2019",306.25,311.75,290.32,291.44,291.44,29276600,2019-08-19
167,"Aug 12, 2019",305.46,316.43,288.00,302.80,302.80,35711900,2019-08-12
168,"Aug 05, 2019",310.96,316.64,296.81,308.93,308.93,35449000,2019-08-05
169,"Jul 29, 2019",335.98,336.40,311.80,318.83,318.83,30915100,2019-07-29
170,"Jul 22, 2019",312.00,336.00,305.81,335.78,335.78,60496900,2019-07-22
171,"Jul 15, 2019",372.94,373.68,314.23,315.10,315.10,75037000,2019-07-15
172,"Jul 08, 2019",378.19,384.76,362.68,373.25,373.25,26898200,2019-07-08
173,"Jul 01, 2019",373.50,381.99,370.31,380.55,380.55,16148800,2019-07-01
174,"Jun 24, 2019",370.27,375.00,358.29,367.32,367.32,22981600,2019-06-24
175,"Jun 17, 2019",342.69,371.45,342.06,369.21,369.21,29801800,2019-06-17
176,"Jun 10, 2019",363.65,367.10,336.16,339.73,339.73,29020000,2019-06-10
177,"Jun 03, 2019",343.56,365.15,332.65,360.87,360.87,29248600,2019-06-03
178,"May 27, 2019",354.39,361.20,342.92,343.28,343.28,19407400,2019-05-27
179,"May 20, 2019",351.23,370.46,345.40,354.39,354.39,24338700,2019-05-20
180,"May 13, 2019",352.29,364.00,341.39,354.45,354.45,30886700,2019-05-13
181,"May 06, 2019",377.69,381.35,352.75,361.04,361.04,30879700,2019-05-06
182,"Apr 29, 2019",373.68,385.99,368.35,385.03,385.03,27477600,2019-04-29
183,"Apr 22, 2019",359.70,384.80,359.00,374.85,374.85,40489600,2019-04-22
184,"Apr 15, 2019",350.71,368.76,342.27,360.35,360.35,53989800,2019-04-15
185,"Apr 08, 2019",365.11,370.12,349.36,351.14,351.14,36811700,2019-04-08
186,"Apr 01, 2019",359.00,373.41,358.51,365.49,365.49,26096500,2019-04-01
187,"Mar 25, 2019",359.00,368.38,349.20,356.56,356.56,33059300,2019-03-25
188,"Mar 18, 2019",362.47,379.00,356.80,361.01,361.01,42858600,2019-03-18
189,"Mar 11, 2019",352.00,364.00,350.03,361.46,361.46,30711900,2019-03-11
190,"Mar 04, 2019",359.72,362.86,342.47,349.60,349.60,32686800,2019-03-04
191,"Feb 25, 2019",367.01,371.49,354.69,357.32,357.32,29857100,2019-02-25
192,"Feb 18, 2019",355.80,366.71,353.88,363.02,363.02,28823400,2019-02-18
193,"Feb 11, 2019",350.00,364.40,344.81,356.87,356.87,44968700,2019-02-11
194,"Feb 04, 2019",342.60,360.00,338.00,347.57,347.57,40241600,2019-02-04
195,"Jan 28, 2019",334.70,346.84,328.15,339.85,339.85,43905100,2019-01-28
196,"Jan 21, 2019",334.89,340.00,318.60,338.05,338.05,53706000,2019-01-21
197,"Jan 14, 2019",334.24,358.85,329.13,339.10,339.10,92558500,2019-01-14
198,"Jan 07, 2019",302.10,341.09,301.65,337.59,337.59,80295400,2019-01-07
199,"Dec 31, 2018",260.16,297.80,256.58,297.57,297.57,59488100,2018-12-31
200,"Dec 24, 2018",242.00,261.91,231.23,256.08,256.08,47178300,2018-12-24
202,"Dec 17, 2018",266.51,280.87,241.29,246.39,246.39,71963700,2018-12-17
203,"Dec 10, 2018",264.19,281.77,260.61,266.84,266.84,49200100,2018-12-10
204,"Dec 03, 2018",293.19,298.72,263.38,265.14,265.14,52459000,2018-12-03
205,"Nov 26, 2018",260.55,290.81,253.80,286.13,286.13,65741000,2018-11-26
206,"Nov 19, 2018",283.79,285.09,250.00,258.82,258.82,45955700,2018-11-19
207,"Nov 12, 2018",300.00,303.55,278.30,286.21,286.21,59077200,2018-11-12
208,"Nov 05, 2018",311.10,332.05,298.01,303.47,303.47,57826400,2018-11-05
209,"Oct 29, 2018",305.26,321.88,271.21,309.10,309.10,94270900,2018-10-29
210,"Oct 22, 2018",333.10,336.58,292.30,299.83,299.83,84006700,2018-10-22
211,"Oct 15, 2018",337.63,380.00,326.93,332.67,332.67,99160500,2018-10-15
212,"Oct 08, 2018",345.18,358.72,315.81,339.56,339.56,69266500,2018-10-08
213,"Oct 01, 2018",375.85,386.80,343.00,351.35,351.35,45411300,2018-10-01
214,"Sep 24, 2018",359.00,383.20,354.33,374.13,374.13,44363100,2018-09-24
215,"Sep 17, 2018",364.22,377.61,349.57,361.19,361.19,48061400,2018-09-17
216,"Sep 10, 2018",352.27,374.09,343.08,364.56,364.56,35553600,2018-09-10
217,"Sep 03, 2018",366.47,368.88,335.83,348.68,348.68,42854000,2018-09-03
218,"Aug 27, 2018",367.15,376.81,360.00,367.68,367.68,53693000,2018-08-27
219,"Aug 20, 2018",314.64,359.15,310.93,358.82,358.82,63370500,2018-08-20
220,"Aug 13, 2018",339.89,347.19,312.96,316.78,316.78,41576200,2018-08-13
221,"Aug 06, 2018",342.87,357.31,341.74,345.87,345.87,30712400,2018-08-06
222,"Jul 30, 2018",351.93,352.03,328.00,343.09,343.09,56116300,2018-07-30
223,"Jul 23, 2018",359.15,367.40,351.65,355.21,355.21,48767700,2018-07-23
224,"Jul 16, 2018",398.98,403.36,344.00,361.05,361.05,135092100,2018-07-16
225,"Jul 09, 2018",415.95,419.77,395.08,395.80,395.80,58686600,2018-07-09
226,"Jul 02, 2018",385.45,408.65,380.00,408.25,408.25,30501300,2018-07-02
227,"Jun 25, 2018",404.69,411.59,378.75,391.43,391.43,75695900,2018-06-25
228,"Jun 18, 2018",387.72,423.21,386.50,411.09,411.09,68835000,2018-06-18
229,"Jun 11, 2018",361.88,398.86,360.91,391.98,391.98,55132600,2018-06-11
230,"Jun 04, 2018",362.68,369.83,355.51,360.57,360.57,37256000,2018-06-04
231,"May 28, 2018",351.50,359.99,346.71,359.93,359.93,29437400,2018-05-28
232,"May 21, 2018",327.11,354.36,325.45,351.29,351.29,45246800,2018-05-21
233,"May 14, 2018",327.25,330.50,322.43,324.18,324.18,21021000,2018-05-14
234,"May 07, 2018",321.99,332.06,319.34,326.46,326.46,27378900,2018-05-07
235,"Apr 30, 2018",311.07,320.98,305.73,320.09,320.09,32167800,2018-04-30
236,"Apr 23, 2018",329.15,331.22,292.62,311.76,311.76,54122000,2018-04-23
237,"Apr 16, 2018",315.99,338.82,304.00,327.77,327.77,82993000,2018-04-16
238,"Apr 09, 2018",291.77,317.49,289.12,311.65,311.65,57687500,2018-04-09
239,"Apr 02, 2018",291.94,299.16,271.22,288.85,288.85,61114700,2018-04-02
240,"Mar 26, 2018",309.36,322.90,275.90,295.35,295.35,62175300,2018-03-26
241,"Mar 19, 2018",315.80,319.50,300.36,300.94,300.94,38774200,2018-03-19
242,"Mar 12, 2018",333.56,333.98,313.28,318.45,318.45,56738100,2018-03-12
243,"Mar 05, 2018",302.85,331.44,297.60,331.44,331.44,80484400,2018-03-05
244,"Feb 26, 2018",288.75,301.18,283.23,301.05,301.05,52616000,2018-02-26
245,"Feb 19, 2018",277.74,286.64,274.45,285.93,285.93,33333400,2018-02-19
246,"Feb 12, 2018",252.14,281.96,249.00,278.52,278.52,45434200,2018-02-12
247,"Feb 05, 2018",262.00,272.45,236.11,249.47,249.47,59687000,2018-02-05
248,"Jan 29, 2018",274.20,286.81,262.71,267.43,267.43,60500300,2018-01-29
249,"Jan 22, 2018",222.00,274.60,221.20,274.60,274.60,89119200,2018-01-22
250,"Jan 15, 2018",224.24,226.07,216.32,220.46,220.46,41413100,2018-01-15
251,"Jan 08, 2018",210.02,222.55,206.91,221.23,221.23,33516500,2018-01-08
252,"Jan 01, 2018",196.10,210.02,195.42,209.99,209.99,32621100,2018-01-01
253,"Dec 25, 2017",189.78,194.49,185.22,191.96,191.96,22342800,2017-12-25
254,"Dec 18, 2017",191.20,191.65,185.26,189.94,189.94,27198100,2017-12-18
255,"Dec 11, 2017",187.85,192.64,184.82,190.12,190.12,29352900,2017-12-11
256,"Dec 04, 2017",189.36,189.72,178.38,188.54,188.54,29990400,2017-12-04
257,"Nov 27, 2017",195.56,199.68,184.32,186.82,186.82,37243500,2017-11-27
258,"Nov 20, 2017",193.30,197.52,191.90,195.75,195.75,16670700,2017-11-20
259,"Nov 13, 2017",191.12,197.70,191.00,193.20,193.20,21845300,2017-11-13
260,"Nov 06, 2017",200.00,202.48,189.50,192.02,192.02,29154100,2017-11-06
261,"Oct 30, 2017",199.62,201.10,195.22,200.01,200.01,23260700,2017-10-30
262,"Oct 23, 2017",194.17,200.65,191.03,199.54,199.54,32678800,2017-10-23
263,"Oct 16, 2017",201.95,204.38,191.16,194.16,194.16,70234600,2017-10-16
264,"Oct 09, 2017",199.10,200.82,192.10,199.49,199.49,39490300,2017-10-09
265,"Oct 02, 2017",182.11,198.92,176.58,198.02,198.02,55295900,2017-10-02
266,"Sep 25, 2017",186.46,186.55,176.55,181.35,181.35,28985100,2017-09-25
267,"Sep 18, 2017",183.61,189.95,182.73,187.35,187.35,27579100,2017-09-18
268,"Sep 11, 2017",178.10,185.33,178.03,182.35,182.35,27091700,2017-09-11
269,"Sep 04, 2017",173.40,180.39,172.44,176.42,176.42,23959000,2017-09-04
270,"Aug 28, 2017",166.43,176.48,164.73,174.74,174.74,27066900,2017-08-28
271,"Aug 21, 2017",166.91,171.24,164.23,165.95,165.95,25425000,2017-08-21
272,"Aug 14, 2017",169.80,172.45,165.72,166.54,166.54,32753000,2017-08-14
273,"Aug 07, 2017",181.00,182.27,167.60,171.40,171.40,35099700,2017-08-07
274,"Jul 31, 2017",184.26,184.97,177.81,180.27,180.27,24886400,2017-07-31
275,"Jul 24, 2017",188.69,190.25,179.38,184.04,184.04,36074000,2017-07-24
276,"Jul 17, 2017",162.91,191.50,160.02,188.54,188.54,93613000,2017-07-17
277,"Jul 10, 2017",150.34,161.35,149.65,161.12,161.12,30990300,2017-07-10
278,"Jul 03, 2017",149.80,150.75,144.25,150.18,150.18,19583800,2017-07-03
279,"Jun 26, 2017",158.78,159.97,148.00,149.41,149.41,31386000,2017-06-26
280,"Jun 19, 2017",154.29,158.19,151.40,158.02,158.02,27246400,2017-06-19
281,"Jun 12, 2017",155.30,155.68,147.30,152.38,152.38,43290400,2017-06-12
282,"Jun 05, 2017",165.49,166.87,154.50,158.03,158.03,25621500,2017-06-05
283,"May 29, 2017",163.60,165.36,160.74,165.18,165.18,18312900,2017-05-29
284,"May 22, 2017",157.86,164.10,156.43,162.43,162.43,23481100,2017-05-22
285,"May 15, 2017",160.25,161.78,153.00,157.02,157.02,27515600,2017-05-15
286,"May 08, 2017",156.55,161.10,155.30,160.81,160.81,26370000,2017-05-08
287,"May 01, 2017",151.91,158.59,151.61,156.60,156.60,29271600,2017-05-01
288,"Apr 24, 2017",143.61,153.52,143.40,152.20,152.20,48834800,2017-04-24
289,"Apr 17, 2017",144.43,147.40,138.66,142.87,142.87,62503800,2017-04-17
290,"Apr 10, 2017",143.04,145.74,141.21,142.92,142.92,18501700,2017-04-10
291,"Apr 03, 2017",146.70,148.01,142.71,143.11,143.11,19938700,2017-04-03
292,"Mar 27, 2017",140.83,148.29,140.00,147.81,147.81,21614000,2017-03-27
293,"Mar 20, 2017",145.45,147.70,140.76,142.02,142.02,24836900,2017-03-20
294,"Mar 13, 2017",140.90,146.50,140.32,145.11,145.11,27137700,2017-03-13
295,"Mar 06, 2017",141.00,142.84,139.74,140.89,140.89,21413800,2017-03-06
296,"Feb 27, 2017",143.12,143.92,138.26,139.14,139.14,23459900,2017-02-27
297,"Feb 20, 2017",142.99,144.49,141.52,143.25,143.25,15024200,2017-02-20
298,"Feb 13, 2017",145.19,145.95,140.05,142.22,142.22,25902900,2017-02-13
299,"Feb 06, 2017",140.00,145.30,139.16,144.82,144.82,29739700,2017-02-06
300,"Jan 30, 2017",141.77,142.41,138.80,140.25,140.25,25542500,2017-01-30
301,"Jan 23, 2017",138.65,142.49,137.03,142.45,142.45,36788900,2017-01-23
303,"Jan 16, 2017",135.04,143.46,131.06,138.60,138.60,61089600,2017-01-16
304,"Jan 09, 2017",131.48,133.93,128.50,133.70,133.70,33276600,2017-01-09
305,"Jan 02, 2017",124.96,133.88,124.31,131.07,131.07,38124900,2017-01-02
306,"Dec 26, 2016",126.24,129.07,123.60,123.80,123.80,17577900,2016-12-26
307,"Dec 19, 2016",124.30,127.74,122.87,125.59,125.59,21491000,2016-12-19
308,"Dec 12, 2016",122.84,127.43,122.30,124.22,124.22,30836600,2016-12-12
309,"Dec 05, 2016",120.73,126.35,118.40,122.88,122.88,41032700,2016-12-05
310,"Nov 28, 2016",117.05,120.98,113.95,120.81,120.81,37666800,2016-11-28
311,"Nov 21, 2016",116.20,119.46,116.19,117.41,117.41,20209300,2016-11-21
312,"Nov 14, 2016",114.75,116.81,110.68,115.21,115.21,36290700,2016-11-14
313,"Nov 07, 2016",124.26,125.81,113.11,114.78,114.78,49022600,2016-11-07
314,"Oct 31, 2016",126.85,126.90,121.62,122.03,122.03,28431600,2016-10-31
315,"Oct 24, 2016",127.42,129.29,125.75,126.57,126.57,46828500,2016-10-24
316,"Oct 17, 2016",100.50,127.85,98.38,127.50,127.50,124064600,2016-10-17
317,"Oct 10, 2016",103.18,104.53,97.63,101.47,101.47,41009500,2016-10-10
318,"Oct 03, 2016",98.00,106.97,98.00,104.82,104.82,55677700,2016-10-03
319,"Sep 26, 2016",95.38,99.53,94.04,98.55,98.55,39679900,2016-09-26
320,"Sep 19, 2016",99.90,100.35,93.26,95.94,95.94,50789700,2016-09-19
321,"Sep 12, 2016",95.91,99.49,95.33,99.48,99.48,42726100,2016-09-12
322,"Sep 05, 2016",97.76,100.32,96.50,96.50,96.50,28079100,2016-09-05
323,"Aug 29, 2016",96.97,98.85,96.57,97.38,97.38,27188300,2016-08-29
324,"Aug 22, 2016",95.67,98.25,94.91,97.58,97.58,34786800,2016-08-22
325,"Aug 15, 2016",96.83,97.22,94.40,95.87,95.87,36127000,2016-08-15
326,"Aug 08, 2016",95.91,96.83,92.95,96.59,96.59,40962500,2016-08-08
327,"Aug 01, 2016",91.23,97.74,90.50,97.03,97.03,51942200,2016-08-01
328,"Jul 25, 2016",85.73,93.10,85.01,91.25,91.25,55628000,2016-07-25
329,"Jul 18, 2016",98.43,99.84,84.50,85.89,85.89,135323900,2016-07-18
330,"Jul 11, 2016",96.19,98.70,94.09,98.39,98.39,52589400,2016-07-11
331,"Jul 04, 2016",95.20,101.27,93.18,97.06,97.06,60429500,2016-07-04
332,"Jun 27, 2016",87.88,97.00,84.81,96.67,96.67,62229400,2016-06-27
333,"Jun 20, 2016",95.22,95.88,87.21,88.44,88.44,55748400,2016-06-20
334,"Jun 13, 2016",95.02,97.20,93.25,94.45,94.45,46237700,2016-06-13
335,"Jun 06, 2016",100.29,101.63,93.28,93.75,93.75,44558400,2016-06-06
336,"May 30, 2016",102.95,103.45,98.53,99.59,99.59,34335500,2016-05-30
337,"May 23, 2016",92.98,104.00,92.85,103.30,103.30,77298000,2016-05-23
338,"May 16, 2016",87.56,93.28,86.15,92.49,92.49,63244200,2016-05-16
339,"May 09, 2016",90.73,93.25,85.74,87.88,87.88,64392000,2016-05-09
340,"May 02, 2016",90.41,93.25,88.11,90.84,90.84,51338000,2016-05-02
341,"Apr 25, 2016",95.70,95.75,88.21,90.03,90.03,67978100,2016-04-25
342,"Apr 18, 2016",109.90,110.70,93.14,95.90,95.90,150884400,2016-04-18
343,"Apr 11, 2016",104.04,111.85,102.21,111.51,111.51,57889800,2016-04-11
344,"Apr 04, 2016",105.90,106.44,102.82,103.81,103.81,49239600,2016-04-04
345,"Mar 28, 2016",98.34,105.79,97.82,105.70,105.70,67076000,2016-03-28
346,"Mar 21, 2016",101.15,102.10,97.07,98.36,98.36,37633000,2016-03-21
347,"Mar 14, 2016",97.20,102.41,96.43,101.12,101.12,62852700,2016-03-14
348,"Mar 07, 2016",101.00,101.79,94.50,97.66,97.66,83067300,2016-03-07
349,"Feb 29, 2016",94.81,102.22,93.34,101.58,101.58,88550200,2016-02-29
350,"Feb 22, 2016",90.75,97.48,86.70,94.79,94.79,79913000,2016-02-22
351,"Feb 15, 2016",89.00,94.90,87.54,89.23,89.23,66634900,2016-02-15
352,"Feb 08, 2016",80.57,92.21,79.95,87.40,87.40,114963000,2016-02-08
353,"Feb 01, 2016",91.79,97.18,81.86,82.79,82.79,114094900,2016-02-01
354,"Jan 25, 2016",99.78,102.68,90.11,91.84,91.84,112987400,2016-01-25
355,"Jan 18, 2016",106.57,110.14,97.05,100.72,100.72,146581500,2016-01-18
356,"Jan 11, 2016",112.13,117.78,101.21,104.04,104.04,105415400,2016-01-11
357,"Jan 04, 2016",109.00,122.18,104.96,111.39,111.39,123208900,2016-01-04
358,"Dec 28, 2015",117.26,119.60,113.85,114.38,114.38,34006200,2015-12-28
359,"Dec 21, 2015",119.51,119.59,114.86,117.33,117.33,34214600,2015-12-21
360,"Dec 14, 2015",119.77,126.35,114.66,118.02,118.02,78853300,2015-12-14
361,"Dec 07, 2015",131.19,133.27,118.60,118.91,118.91,89310900,2015-12-07
362,"Nov 30, 2015",126.03,132.20,122.42,130.93,130.93,97448200,2015-11-30
363,"Nov 23, 2015",124.30,126.39,120.03,125.44,125.44,51688500,2015-11-23
364,"Nov 16, 2015",102.97,124.07,101.86,123.84,123.84,113466300,2015-11-16
365,"Nov 09, 2015",113.36,115.25,103.27,103.65,103.65,74747800,2015-11-09
366,"Nov 02, 2015",109.20,115.68,106.30,114.06,114.06,66525200,2015-11-02
367,"Oct 26, 2015",100.05,110.10,99.38,108.38,108.38,62808100,2015-10-26
368,"Oct 19, 2015",98.07,103.62,96.26,100.04,100.04,91845500,2015-10-19
369,"Oct 12, 2015",114.45,115.42,98.41,98.99,98.99,133192900,2015-10-12
370,"Oct 05, 2015",107.48,115.83,102.60,113.33,113.33,119404300,2015-10-05
371,"Sep 28, 2015",101.57,106.87,96.85,106.11,106.11,90413700,2015-09-28
372,"Sep 21, 2015",103.30,105.45,96.78,102.24,102.24,85224100,2015-09-21
373,"Sep 14, 2015",96.84,107.50,93.61,102.62,102.62,113728000,2015-09-14
374,"Sep 07, 2015",102.08,102.79,93.55,97.51,97.51,117409900,2015-09-07
375,"Aug 31, 2015",115.24,117.00,97.34,98.79,98.79,146584700,2015-08-31
376,"Aug 24, 2015",88.75,119.35,85.50,117.63,117.63,191033500,2015-08-24
377,"Aug 17, 2015",123.14,126.75,102.75,103.96,103.96,90004700,2015-08-17
378,"Aug 10, 2015",126.09,126.50,118.66,123.39,123.39,62796000,2015-08-10
379,"Aug 03, 2015",114.60,129.29,111.78,123.52,123.52,108822000,2015-08-03
380,"Jul 27, 2015",107.79,115.00,103.88,114.31,114.31,59732400,2015-07-27
381,"Jul 20, 2015",114.70,114.70,108.90,109.34,109.34,63694700,2015-07-20
383,"Jul 13, 2015",98.10,117.88,97.05,114.77,114.77,172438200,2015-07-13
384,"Jul 06, 2015",93.47,98.50,92.28,97.23,97.23,84739900,2015-07-06
385,"Jun 29, 2015",91.51,95.24,91.12,94.04,94.04,67208400,2015-06-29
386,"Jun 22, 2015",95.04,100.89,93.09,93.09,93.09,181435800,2015-06-22
387,"Jun 15, 2015",92.86,96.42,91.66,93.87,93.87,73780000,2015-06-15
388,"Jun 08, 2015",90.71,98.97,89.00,94.42,94.42,127197000,2015-06-08
389,"Jun 01, 2015",88.84,90.54,87.94,90.46,90.46,45391500,2015-06-01
390,"May 25, 2015",88.87,90.21,87.79,89.15,89.15,40686100,2015-05-25
391,"May 18, 2015",87.54,89.79,87.02,88.84,88.84,66903900,2015-05-18
392,"May 11, 2015",82.32,88.35,82.19,87.61,87.61,92897000,2015-05-11
393,"May 04, 2015",79.57,82.44,78.90,82.09,82.09,70637700,2015-05-04
394,"Apr 27, 2015",80.29,81.79,78.89,79.58,79.58,53078900,2015-04-27
395,"Apr 20, 2015",81.79,82.30,78.96,79.77,79.77,82514600,2015-04-20
396,"Apr 13, 2015",67.24,82.14,67.06,81.65,81.65,278414500,2015-04-13
397,"Apr 06, 2015",58.77,65.00,58.46,64.94,64.94,78857800,2015-04-06
398,"Mar 30, 2015",59.72,60.56,58.70,59.15,59.15,52025400,2015-03-30
399,"Mar 23, 2015",60.89,63.10,58.57,59.25,59.25,78096900,2015-03-23
400,"Mar 16, 2015",61.55,61.79,59.30,61.19,61.19,84950600,2015-03-16
401,"Mar 09, 2015",64.99,65.09,61.98,62.63,62.63,78096900,2015-03-09
402,"Mar 02, 2015",67.71,68.61,64.84,64.87,64.87,59200400,2015-03-02
404,"Feb 23, 2015",68.30,69.50,67.14,67.84,67.84,44330300,2015-02-23
405,"Feb 16, 2015",66.52,68.71,65.94,68.31,68.31,41341300,2015-02-16
406,"Feb 09, 2015",63.20,66.63,62.64,66.59,66.59,58978500,2015-02-09
407,"Feb 02, 2015",62.84,65.47,61.96,63.48,63.48,65028600,2015-02-02
408,"Jan 26, 2015",62.57,65.34,61.96,63.11,63.11,98757400,2015-01-26
409,"Jan 19, 2015",48.57,62.74,47.71,62.49,62.49,167556900,2015-01-19
410,"Jan 12, 2015",47.09,48.25,45.26,48.19,48.19,82916400,2015-01-12
411,"Jan 05, 2015",49.26,49.26,45.66,47.04,47.04,63232400,2015-01-05
412,"Dec 29, 2014",47.97,50.33,47.65,49.85,49.85,37702000,2014-12-29
413,"Dec 22, 2014",48.54,49.48,47.47,48.58,48.58,30543800,2014-12-22
414,"Dec 15, 2014",48.06,48.93,45.08,48.59,48.59,79846900,2014-12-15
415,"Dec 08, 2014",49.88,49.98,46.98,47.78,47.78,69533100,2014-12-08
416,"Dec 01, 2014",49.29,51.14,48.23,50.13,50.13,61839400,2014-12-01
417,"Nov 24, 2014",51.51,51.92,49.14,49.51,49.51,62730500,2014-11-24
418,"Nov 17, 2014",55.05,55.64,51.36,51.47,51.47,74965100,2014-11-17
419,"Nov 10, 2014",54.71,56.30,53.86,55.15,55.15,56987000,2014-11-10
420,"Nov 03, 2014",56.18,56.50,53.77,54.88,54.88,61912200,2014-11-03
421,"Oct 27, 2014",54.84,56.25,53.51,56.11,56.11,70252700,2014-10-27
422,"Oct 20, 2014",50.86,55.29,50.78,55.00,55.00,119618800,2014-10-20
423,"Oct 13, 2014",64.46,64.64,47.29,51.01,51.01,268357600,2014-10-13
424,"Oct 06, 2014",66.00,66.86,64.48,64.58,64.58,75840100,2014-10-06
425,"Sep 29, 2014",63.44,65.80,62.47,65.65,65.65,71145900,2014-09-29
426,"Sep 22, 2014",65.18,65.28,62.70,64.11,64.11,57437100,2014-09-22
427,"Sep 15, 2014",68.22,68.22,63.66,65.36,65.36,82180000,2014-09-15
428,"Sep 08, 2014",67.77,69.90,67.74,68.08,68.08,57801800,2014-09-08
429,"Sep 01, 2014",68.36,69.66,67.15,67.95,67.95,48937700,2014-09-01
430,"Aug 25, 2014",68.79,69.33,67.26,68.23,68.23,51439500,2014-08-25
431,"Aug 18, 2014",66.01,68.51,65.89,68.46,68.46,62039600,2014-08-18
432,"Aug 11, 2014",64.17,66.00,63.34,65.58,65.58,61863200,2014-08-11
433,"Aug 04, 2014",61.03,64.42,60.04,63.69,63.69,79984100,2014-08-04
434,"Jul 28, 2014",60.32,62.18,58.93,60.77,60.77,69274100,2014-07-28
435,"Jul 21, 2014",64.53,65.36,59.86,60.27,60.27,139344800,2014-07-21
436,"Jul 14, 2014",63.33,65.10,62.25,63.45,63.45,69405000,2014-07-14
437,"Jul 07, 2014",67.44,67.46,61.17,62.85,62.85,104098400,2014-07-07
438,"Jun 30, 2014",63.27,67.98,62.81,67.48,67.48,77253400,2014-06-30
439,"Jun 23, 2014",62.77,64.28,61.90,63.15,63.15,76617100,2014-06-23
440,"Jun 16, 2014",60.93,64.40,60.49,62.88,62.88,90819400,2014-06-16
441,"Jun 09, 2014",61.36,62.29,59.60,61.10,61.10,84926800,2014-06-09
442,"Jun 02, 2014",59.93,62.13,58.93,61.45,61.45,89707800,2014-06-02
443,"May 26, 2014",57.43,60.25,56.16,59.69,59.69,98702100,2014-05-26
444,"May 19, 2014",49.57,57.50,49.51,57.48,57.48,149506000,2014-05-19
445,"May 12, 2014",47.27,50.63,47.22,49.98,49.98,104561800,2014-05-12
446,"May 05, 2014",48.30,49.67,44.91,46.94,46.94,107871400,2014-05-05
447,"Apr 28, 2014",45.44,49.38,42.79,48.66,48.66,157070900,2014-04-28
448,"Apr 21, 2014",49.90,54.41,46.00,46.01,46.01,216590500,2014-04-21
449,"Apr 14, 2014",47.56,49.96,44.59,49.39,49.39,97024200,2014-04-14
450,"Apr 07, 2014",48.64,51.07,46.23,46.67,46.67,138641300,2014-04-07
451,"Mar 31, 2014",51.64,53.01,47.98,48.19,48.19,124600000,2014-03-31
452,"Mar 24, 2014",57.93,58.06,50.82,51.27,51.27,153364400,2014-03-24
453,"Mar 17, 2014",61.17,61.74,57.96,58.00,58.00,77180600,2014-03-17
454,"Mar 10, 2014",64.07,64.11,60.43,60.64,60.64,64401400,2014-03-10
455,"Mar 03, 2014",63.03,65.43,62.59,64.05,64.05,60167800,2014-03-03
456,"Feb 24, 2014",62.21,65.40,61.21,63.66,63.66,85810200,2014-02-24
457,"Feb 17, 2014",62.42,63.03,61.14,61.75,61.75,56987700,2014-02-17
458,"Feb 10, 2014",61.35,62.78,60.61,62.22,62.22,73838800,2014-02-10
459,"Feb 03, 2014",58.84,61.50,56.72,61.43,61.43,100747500,2014-02-03
460,"Jan 27, 2014",55.34,58.91,52.94,58.48,58.48,147089600,2014-01-27
461,"Jan 20, 2014",47.46,56.52,45.75,55.15,55.15,200309200,2014-01-20
462,"Jan 13, 2014",47.30,49.81,45.58,47.15,47.15,124961900,2014-01-13
463,"Jan 06, 2014",51.89,52.04,47.22,47.45,47.45,104915300,2014-01-06
464,"Dec 30, 2013",52.52,52.79,51.29,51.87,51.87,48734700,2013-12-30
465,"Dec 23, 2013",54.10,54.85,52.26,52.50,52.50,47419400,2013-12-23
466,"Dec 16, 2013",52.85,54.27,52.04,53.67,53.67,84907900,2013-12-16
467,"Dec 09, 2013",50.74,53.86,50.47,52.71,52.71,85048600,2013-12-09
468,"Dec 02, 2013",52.13,52.66,50.29,50.63,50.63,70340900,2013-12-02
469,"Nov 25, 2013",49.56,52.54,49.29,52.26,52.26,53888800,2013-11-25
470,"Nov 18, 2013",50.00,50.09,47.75,49.69,49.69,86978500,2013-11-18
471,"Nov 11, 2013",47.54,49.98,46.95,49.97,49.97,81272100,2013-11-11
472,"Nov 04, 2013",47.28,49.20,46.45,47.84,47.84,99397900,2013-11-04
473,"Oct 28, 2013",46.43,47.64,44.17,47.04,47.04,127348200,2013-10-28
474,"Oct 21, 2013",48.99,55.59,45.29,46.86,46.86,362188400,2013-10-21
475,"Oct 14, 2013",44.37,48.07,43.71,47.64,47.64,136078600,2013-10-14
476,"Oct 07, 2013",46.29,46.71,40.40,42.98,42.98,135157400,2013-10-07
477,"Sep 30, 2013",43.96,47.79,43.60,46.75,46.75,114233000,2013-09-30
478,"Sep 23, 2013",45.77,45.77,42.79,44.63,44.63,86209900,2013-09-23
479,"Sep 16, 2013",44.29,45.13,42.53,44.83,44.83,94236800,2013-09-16
480,"Sep 09, 2013",41.82,44.88,41.47,43.66,43.66,117440400,2013-09-09
481,"Sep 02, 2013",41.06,42.70,40.65,41.65,41.65,76442100,2013-09-02
482,"Aug 26, 2013",39.44,41.46,39.15,40.56,40.56,107720900,2013-08-26
483,"Aug 19, 2013",36.86,39.77,36.82,39.77,39.77,99143100,2013-08-19
484,"Aug 12, 2013",35.90,37.68,35.77,36.98,36.98,95128600,2013-08-12
485,"Aug 05, 2013",34.84,36.80,34.48,36.11,36.11,86827300,2013-08-05
486,"Jul 29, 2013",35.15,35.81,34.54,35.17,35.17,65245600,2013-07-29
487,"Jul 22, 2013",38.12,38.39,34.27,35.19,35.19,195013700,2013-07-22
488,"Jul 15, 2013",37.06,38.62,36.02,37.80,37.80,112087500,2013-07-15
489,"Jul 08, 2013",32.43,36.78,32.22,36.75,36.75,137762100,2013-07-08
490,"Jul 01, 2013",30.52,32.50,30.29,32.16,32.16,60830700,2013-07-01
491,"Jun 24, 2013",30.43,31.30,29.65,30.16,30.16,95557000,2013-06-24
492,"Jun 17, 2013",32.22,33.70,30.60,30.99,30.99,120195600,2013-06-17
493,"Jun 10, 2013",31.86,31.90,29.39,30.57,30.57,78141700,2013-06-10
494,"Jun 03, 2013",32.44,32.57,30.57,31.46,31.46,118742400,2013-06-03
495,"May 27, 2013",33.11,33.71,29.99,32.32,32.32,123131400,2013-05-27
496,"May 20, 2013",34.06,34.52,31.65,32.68,32.68,76032600,2013-05-20
497,"May 13, 2013",31.02,35.55,31.02,34.14,34.14,164117100,2013-05-13
498,"May 06, 2013",29.95,31.39,29.15,31.10,31.10,121387000,2013-05-06
499,"Apr 29, 2013",30.94,31.39,30.03,30.49,30.49,97978300,2013-04-29
500,"Apr 22, 2013",23.67,32.04,23.67,30.79,30.79,297693900,2013-04-22
501,"Apr 15, 2013",25.08,26.05,23.11,23.34,23.34,147070700,2013-04-15
502,"Apr 08, 2013",23.69,25.38,22.71,24.74,24.74,166354300,2013-04-08
503,"Apr 01, 2013",27.28,27.36,23.22,23.52,23.52,197558900,2013-04-01
505,"Mar 25, 2013",26.06,28.15,25.68,27.04,27.04,121905700,2013-03-25
506,"Mar 18, 2013",25.91,26.77,25.61,25.90,25.90,82072200,2013-03-18
507,"Mar 11, 2013",26.29,27.88,25.57,26.41,26.41,145184200,2013-03-11
508,"Mar 04, 2013",26.95,27.15,25.17,26.39,26.39,149795100,2013-03-04
509,"Feb 25, 2013",25.86,27.45,25.06,27.05,27.05,164418800,2013-02-25
510,"Feb 18, 2013",27.29,28.23,25.49,25.69,25.69,145000100,2013-02-18
511,"Feb 11, 2013",25.57,27.14,24.97,27.07,27.07,163285500,2013-02-11
512,"Feb 04, 2013",23.25,26.98,23.25,25.85,25.85,253960700,2013-02-04
513,"Jan 28, 2013",24.64,25.32,22.38,23.54,23.54,302668800,2013-01-28
514,"Jan 21, 2013",14.24,24.67,13.80,24.22,24.22,407259300,2013-01-21
515,"Jan 14, 2013",14.43,14.93,13.68,14.17,14.17,120776600,2013-01-14
516,"Jan 07, 2013",13.77,14.56,13.51,14.47,14.47,146457500,2013-01-07
517,"Dec 31, 2012",12.77,13.99,12.72,13.71,13.71,83183800,2012-12-31
518,"Dec 24, 2012",13.08,13.27,12.65,12.76,12.76,48381200,2012-12-24
519,"Dec 17, 2012",13.28,13.97,13.02,13.05,13.05,126725900,2012-12-17
520,"Dec 10, 2012",12.29,13.53,12.06,13.33,13.33,141852900,2012-12-10
521,"Dec 03, 2012",11.69,12.83,10.64,12.28,12.28,263197200,2012-12-03
522,"Nov 26, 2012",11.80,11.94,11.33,11.67,11.67,69963600,2012-11-26
523,"Nov 19, 2012",11.72,12.08,11.45,11.85,11.85,57894200,2012-11-19
524,"Nov 12, 2012",11.29,11.87,11.05,11.56,11.56,121976400,2012-11-12
525,"Nov 05, 2012",10.65,11.48,10.64,11.13,11.13,155873200,2012-11-05
526,"Oct 29, 2012",9.49,12.14,9.36,10.99,10.99,199628800,2012-10-29
527,"Oct 22, 2012",9.19,10.03,8.20,9.94,9.94,345716700,2012-10-22
